Section,Date/Time,Username,Location,Detail,Value 1,Value 2,Value 3
"CURRENT WEATHER","2026-09-09 07:13:49","sriram","Salem","Region","Tamil Nadu","",""
"CURRENT WEATHER","2026-09-09 07:13:49","sriram","Salem","Country","India","",""
"CURRENT WEATHER","2026-09-09 07:13:49","sriram","Salem","Temperature","23.100000","C",""
"CURRENT WEATHER","2026-09-09 07:13:49","sriram","Salem","Feels Like","24.900000","C",""
"CURRENT WEATHER","2026-09-09 07:13:49","sriram","Salem","Humidity","75.000000","%",""
"CURRENT WEATHER","2026-09-09 07:13:49","sriram","Salem","Wind Speed","6.500000","km/h",""
"CURRENT WEATHER","2026-09-09 07:13:49","sriram","Salem","Pressure","1012.000000","mb",""
"CURRENT WEATHER","2026-09-09 07:13:49","sriram","Salem","Precipitation","0.000000","mm",""
"CURRENT WEATHER","2026-09-09 07:13:49","sriram","Salem","UV Index","0.800000","",""
"CURRENT WEATHER","2026-09-09 07:13:49","sriram","Salem","Condition","Overcast","",""
"CURRENT WEATHER","2026-09-09 07:13:49","sriram","Salem","Sunrise","06:06 AM","",""
"CURRENT WEATHER","2026-09-09 07:13:49","sriram","Salem","Sunset","06:22 PM","",""
"7-DAY FORECAST","2026-09-09 07:13:49","sriram","Salem","Date","2026-09-09","Min=22.700000 C","Max=32.300000 C"
"7-DAY FORECAST","2026-09-09 07:13:49","sriram","Salem","Forecast","Avg=27.400000 C","Rain=36.000000%","Condition=Overcast"
"7-DAY FORECAST","2026-09-09 07:13:49","sriram","Salem","Date","2026-09-10","Min=22.600000 C","Max=32.300000 C"
"7-DAY FORECAST","2026-09-09 07:13:49","sriram","Salem","Forecast","Avg=26.900000 C","Rain=69.000000%","Condition=Overcast"
"7-DAY FORECAST","2026-09-09 07:13:49","sriram","Salem","Date","2026-09-11","Min=21.300000 C","Max=31.400000 C"
"7-DAY FORECAST","2026-09-09 07:13:49","sriram","Salem","Forecast","Avg=24.800000 C","Rain=85.000000%","Condition=Light rain shower"
"7-DAY FORECAST","2026-09-09 07:13:49","sriram","Salem","Date","2026-09-12","Min=19.500000 C","Max=32.100000 C"
"7-DAY FORECAST","2026-09-09 07:13:49","sriram","Salem","Forecast","Avg=23.500000 C","Rain=87.000000%","Condition=Light rain shower"
"7-DAY FORECAST","2026-09-09 07:13:49","sriram","Salem","Date","2026-09-13","Min=21.000000 C","Max=32.200000 C"
"7-DAY FORECAST","2026-09-09 07:13:49","sriram","Salem","Forecast","Avg=25.600000 C","Rain=64.000000%","Condition=Mist"
"7-DAY FORECAST","2026-09-09 07:13:49","sriram","Salem","Date","2026-09-14","Min=22.300000 C","Max=33.100000 C"
"7-DAY FORECAST","2026-09-09 07:13:49","sriram","Salem","Forecast","Avg=27.400000 C","Rain=41.000000%","Condition=Overcast"
"7-DAY FORECAST","2026-09-09 07:13:49","sriram","Salem","Date","2026-09-15","Min=23.800000 C","Max=32.400000 C"
"7-DAY FORECAST","2026-09-09 07:13:49","sriram","Salem","Forecast","Avg=27.500000 C","Rain=38.000000%","Condition=Overcast"
"HOURLY FORECAST","2026-09-09 07:13:49","sriram","Salem","2026-09-09 00:00","Temp=25.100000 C","Rain=37.000000%","Wind=5.000000 km/h"
"HOURLY FORECAST","2026-09-09 07:13:49","sriram","Salem","2026-09-09 01:00","Temp=25.100000 C","Rain=9.000000%","Wind=5.000000 km/h"
"HOURLY FORECAST","2026-09-09 07:13:49","sriram","Salem","2026-09-09 02:00","Temp=24.800000 C","Rain=7.000000%","Wind=5.400000 km/h"
"HOURLY FORECAST","2026-09-09 07:13:49","sriram","Salem","2026-09-09 03:00","Temp=24.300000 C","Rain=19.000000%","Wind=5.800000 km/h"
"HOURLY FORECAST","2026-09-09 07:13:49","sriram","Salem","2026-09-09 04:00","Temp=23.700000 C","Rain=23.000000%","Wind=6.100000 km/h"
"HOURLY FORECAST","2026-09-09 07:13:49","sriram","Salem","2026-09-09 05:00","Temp=23.200000 C","Rain=24.000000%","Wind=6.100000 km/h"
"HOURLY FORECAST","2026-09-09 07:13:49","sriram","Salem","2026-09-09 06:00","Temp=22.700000 C","Rain=24.000000%","Wind=6.100000 km/h"
"HOURLY FORECAST","2026-09-09 07:13:49","sriram","Salem","2026-09-09 07:00","Temp=23.100000 C","Rain=21.000000%","Wind=6.500000 km/h"
"HOURLY FORECAST","2026-09-09 07:13:49","sriram","Salem","2026-09-09 08:00","Temp=25.300000 C","Rain=15.000000%","Wind=7.200000 km/h"
"HOURLY FORECAST","2026-09-09 07:13:49","sriram","Salem","2026-09-09 09:00","Temp=27.200000 C","Rain=13.000000%","Wind=8.300000 km/h"
"HOURLY FORECAST","2026-09-09 07:13:49","sriram","Salem","2026-09-09 10:00","Temp=28.900000 C","Rain=11.000000%","Wind=9.700000 km/h"
"HOURLY FORECAST","2026-09-09 07:13:49","sriram","Salem","2026-09-09 11:00","Temp=30.400000 C","Rain=10.000000%","Wind=10.100000 km/h"
"WEATHER API ALERT","2026-09-09 07:13:49","sriram","Salem","No alerts supplied by the Weather API.","","",""
"SMART ALERT","2026-09-09 07:13:49","sriram","Salem","No Smart Weather Alerts Triggered.","","",""
"RISK ASSESSMENT","2026-09-09 07:13:49","sriram","Salem","Risk Score","0","Risk Level=LOW",""
"WEATHER INSIGHTS","2026-09-09 07:13:49","sriram","Salem","Feels Like","24.900000","C",""
"WEATHER INSIGHTS","2026-09-09 07:13:49","sriram","Salem","UV Index","0.800000","",""
"WEATHER INSIGHTS","2026-09-09 07:13:49","sriram","Salem","Precipitation","0.000000","mm",""
"WEATHER INSIGHTS","2026-09-09 07:13:49","sriram","Salem","Sunrise","06:06 AM","",""
"WEATHER INSIGHTS","2026-09-09 07:13:49","sriram","Salem","Sunset","06:22 PM","",""
"WEATHER INSIGHTS","2026-09-09 07:13:49","sriram","Salem","Insight","Feels-like temperature is close to actual temperature.","",""
"WEATHER INSIGHTS","2026-09-09 07:13:49","sriram","Salem","UV Advice","UV level is not in the high-alert range.","",""
"WEATHER INSIGHTS","2026-09-09 07:13:49","sriram","Salem","Rain Insight","No current precipitation is reported.","",""
